Id,Win_number,Start,End,Win_length,A,C,G,T,CG,CHG,CHH
EH23b.chr1,0,0,999999,1000000,341719,159714,158326,339741,13871,19470,89694
EH23b.chr1,1,1000000,1999999,1000000,347583,152026,152267,348124,13274,18379,88528
EH23b.chr1,2,2000000,2999999,1000000,341955,155189,157851,345005,13979,20223,88792
EH23b.chr1,3,3000000,3999999,1000000,344088,157235,156086,342591,14183,20159,89804
EH23b.chr1,4,4000000,4999999,1000000,342599,156055,157079,344267,15352,20088,88468
EH23b.chr1,5,5000000,5999999,1000000,339546,157705,159947,342802,14466,20605,89985
EH23b.chr1,6,6000000,6999999,1000000,342098,161596,161721,334585,15725,21740,90454
EH23b.chr1,7,7000000,7999999,1000000,342672,153423,158419,345486,14347,19890,87874
EH23b.chr1,8,8000000,8999999,1000000,338057,164884,160999,336060,16892,21844,91841
EH23b.chr1,9,9000000,9999999,1000000,338651,161556,156536,343257,15029,20427,91925
EH23b.chr1,10,10000000,10999999,1000000,343861,157975,156711,341453,14968,19984,90369
EH23b.chr1,11,11000000,11999999,1000000,341592,159560,160867,337981,14841,21017,90418
EH23b.chr1,12,12000000,12999999,1000000,343830,158797,154336,343037,14238,20150,91095
EH23b.chr1,13,13000000,13999999,1000000,336530,163537,163097,336836,17023,21569,90978
EH23b.chr1,14,14000000,14999999,1000000,337261,156785,161491,343963,14835,20167,89239
EH23b.chr1,15,15000000,15999999,1000000,335534,167584,163242,333640,16675,22681,93097
EH23b.chr1,16,16000000,16999999,1000000,336352,160937,162079,340632,15894,20808,90167
EH23b.chr1,17,17000000,17999999,1000000,339235,161178,160586,338001,14427,20924,91868
EH23b.chr1,18,18000000,18999999,1000000,335089,163301,161850,339760,15597,21372,92490
EH23b.chr1,19,19000000,19999999,1000000,335895,161621,165168,337316,15560,21149,90943
EH23b.chr1,20,20000000,20999999,1000000,336710,162909,163269,337112,15649,22067,91562
EH23b.chr1,21,21000000,21999999,1000000,336895,158531,163051,341023,15424,21041,89321
EH23b.chr1,22,22000000,22999999,1000000,332336,163206,166044,338414,16458,21629,90894
EH23b.chr1,23,23000000,23999999,1000000,333768,164056,161314,340862,16688,21029,91755
EH23b.chr1,24,24000000,24999999,1000000,329720,170279,167638,332363,16876,22636,94465
EH23b.chr1,25,25000000,25999999,1000000,339473,165864,161223,333440,16189,21503,93246
EH23b.chr1,26,26000000,26999999,1000000,328765,168170,168233,334832,17635,22216,92903
EH23b.chr1,27,27000000,27999999,1000000,330276,167943,168416,333365,17664,22441,92449
EH23b.chr1,28,28000000,28999999,1000000,325874,171086,173463,329577,18559,23736,93052
EH23b.chr1,29,29000000,29999999,1000000,332195,168290,166169,332346,16902,22396,93241
EH23b.chr1,30,30000000,30999999,1000000,326580,168528,171770,333122,17974,22373,92892
EH23b.chr1,31,31000000,31999999,1000000,333250,165563,163377,337810,15595,21892,93084
EH23b.chr1,32,32000000,32999999,1000000,337358,170354,163445,328843,17543,23209,93607
EH23b.chr1,33,33000000,33999999,1000000,331247,170666,166449,331638,17709,23264,93905
EH23b.chr1,34,34000000,34999999,1000000,329564,164723,170650,335063,17172,22768,90447
EH23b.chr1,35,35000000,35999999,1000000,327244,168210,170478,333068,17670,23323,91855
EH23b.chr1,36,36000000,36999999,1000000,329425,171681,170746,328148,18919,24108,92812
EH23b.chr1,37,37000000,37999999,1000000,333367,168297,167916,328920,17341,22245,93098
EH23b.chr1,38,38000000,38999999,1000000,298459,192981,200691,307369,24670,32703,96162
EH23b.chr1,39,39000000,39999999,1000000,319539,177500,179333,323628,21245,28233,92765
EH23b.chr1,40,40000000,40999999,1000000,320371,181780,179071,318778,20735,27956,96072
EH23b.chr1,41,41000000,41999999,1000000,327157,178507,173146,321190,19346,25730,95909
EH23b.chr1,42,42000000,42999999,1000000,331936,164400,170646,333018,17021,22606,90889
EH23b.chr1,43,43000000,43999999,1000000,326785,178684,174041,320490,20149,24848,95813
EH23b.chr1,44,44000000,44999999,1000000,327924,162183,169526,340367,17548,22827,89440
EH23b.chr1,45,45000000,45999999,1000000,322052,168365,175846,333737,17432,23879,92209
EH23b.chr1,46,46000000,46999999,1000000,336396,168683,163319,331602,16525,21538,94898
EH23b.chr1,47,47000000,47999999,1000000,334455,163315,164921,337309,15972,21153,92121
EH23b.chr1,48,48000000,48999999,1000000,338189,165004,160521,336286,15317,21483,93702
EH23b.chr1,49,49000000,49999999,1000000,332970,164489,166199,335842,15846,21481,92696
EH23b.chr1,50,50000000,50999999,1000000,332141,168908,165645,333306,15516,20919,94971
EH23b.chr1,51,51000000,51999999,1000000,330816,170537,170415,328232,16608,22670,94804
EH23b.chr1,52,52000000,52999999,1000000,331908,167668,166749,333675,17187,21704,93359
EH23b.chr1,53,53000000,53999999,1000000,331278,171071,170597,327054,17913,22818,94176
EH23b.chr1,54,54000000,54999999,1000000,329680,169796,165700,334824,16419,21052,95288
EH23b.chr1,55,55000000,55999999,1000000,330580,166454,168781,334185,16446,20720,92780
EH23b.chr1,56,56000000,56999999,1000000,334016,165542,165442,335000,15901,21215,93386
EH23b.chr1,57,57000000,57999999,1000000,331783,174313,167017,326887,17226,22140,96793
EH23b.chr1,58,58000000,58999999,1000000,332962,165259,169795,331984,17514,21468,91445
EH23b.chr1,59,59000000,59999999,1000000,338312,161126,160595,339967,15150,19923,91597
EH23b.chr1,60,60000000,60999999,1000000,335768,161940,165835,336457,16132,20710,90803
EH23b.chr1,61,61000000,61999999,1000000,338610,167261,161456,332173,16135,21258,93753
EH23b.chr1,62,62000000,62999999,1000000,328738,169443,166981,334338,16703,20186,94278
EH23b.chr1,63,63000000,63722626,722626,241053,125913,123586,231574,13801,13597,67195
EH23b.chr5,0,0,999999,1000000,340796,158085,159420,341699,14491,17630,91173
EH23b.chr5,1,1000000,1999999,1000000,343587,158424,153560,344429,14250,17924,92056
EH23b.chr5,2,2000000,2999999,1000000,341992,159151,159060,338797,14586,19099,91548
EH23b.chr5,3,3000000,3999999,1000000,334393,160716,162305,342586,15031,19977,91593
EH23b.chr5,4,4000000,4999999,1000000,331298,166102,169098,333502,15949,20856,93570
EH23b.chr5,5,5000000,5999999,1000000,328244,173882,170915,326959,17752,23216,95561
EH23b.chr5,6,6000000,6999999,1000000,324562,172749,175051,327638,18404,24099,93875
EH23b.chr5,7,7000000,7999999,1000000,328685,168682,170752,331881,16305,22091,94110
EH23b.chr5,8,8000000,8999999,1000000,333086,164526,167569,334819,15882,21607,91926
EH23b.chr5,9,9000000,9999999,1000000,326563,168017,173267,332153,16977,22599,93263
EH23b.chr5,10,10000000,10999999,1000000,332097,168313,170913,328177,16941,22397,93679
EH23b.chr5,11,11000000,11999999,1000000,333679,171090,165257,329974,16217,21156,96251
EH23b.chr5,12,12000000,12999999,1000000,329161,172942,172541,325356,19181,23638,94218
EH23b.chr5,13,13000000,13999999,1000000,330416,167084,169486,333014,16432,21920,93167
EH23b.chr5,14,14000000,14999999,1000000,330229,169142,171596,329033,17451,23218,93113
EH23b.chr5,15,15000000,15999999,1000000,327331,173545,167805,331319,17785,23768,95226
EH23b.chr5,16,16000000,16999999,1000000,327094,173660,168351,330895,17281,23186,96069
EH23b.chr5,17,17000000,17999999,1000000,329869,169610,167838,332683,16508,22320,94472
EH23b.chr5,18,18000000,18999999,1000000,330325,164679,168526,335470,15869,21327,92419
EH23b.chr5,19,19000000,19999999,1000000,330939,165731,169506,333824,16976,22208,91958
EH23b.chr5,20,20000000,20999999,1000000,332488,166724,169484,331304,16888,22459,92436
EH23b.chr5,21,21000000,21999999,1000000,326912,174529,174297,324262,17797,23861,95712
EH23b.chr5,22,22000000,22999999,1000000,334480,166503,165239,333778,15415,21377,94159
EH23b.chr5,23,23000000,23999999,1000000,325982,174889,174123,325006,18728,24334,95167
EH23b.chr5,24,24000000,24999999,1000000,335561,168338,168206,327895,17436,22713,92906
EH23b.chr5,25,25000000,25999999,1000000,326694,170904,172341,329561,18107,23499,93765
EH23b.chr5,26,26000000,26999999,1000000,331766,167929,165746,334559,16138,22106,93891
EH23b.chr5,27,27000000,27999999,1000000,331370,169705,167415,331510,17201,22936,93851
EH23b.chr5,28,28000000,28999999,1000000,326164,176982,176167,320687,19554,26070,94832
EH23b.chr5,29,29000000,29999999,1000000,323820,179312,173694,323174,19640,26013,96077
EH23b.chr5,30,30000000,30999999,1000000,323144,175976,177305,323575,19317,27172,93589
EH23b.chr5,31,31000000,31999999,1000000,315825,188326,184196,311653,22880,29543,96353
EH23b.chr5,32,32000000,32999999,1000000,300544,215974,206915,276567,28967,38949,101792
EH23b.chr5,33,33000000,33999999,1000000,326852,252526,209525,211097,33527,51836,112362
EH23b.chr5,34,34000000,34999999,1000000,278088,209778,218126,294008,29626,42011,97004
EH23b.chr5,35,35000000,35999999,1000000,321133,178382,179419,321066,20886,27761,93310
EH23b.chr5,36,36000000,36999999,1000000,318785,179356,178288,323571,20940,26594,94946
EH23b.chr5,37,37000000,37999999,1000000,319154,177947,178857,324042,19685,26571,95016
EH23b.chr5,38,38000000,38999999,1000000,326917,174792,173283,325008,18735,25500,94568
EH23b.chr5,39,39000000,39999999,1000000,331688,176831,167929,323552,18593,25251,96095
EH23b.chr5,40,40000000,40999999,1000000,321646,177629,177821,322904,19367,25161,95649
EH23b.chr5,41,41000000,41999999,1000000,332445,169102,165840,332613,16583,22858,94106
EH23b.chr5,42,42000000,42999999,1000000,332650,166875,168571,331904,17101,22919,92272
EH23b.chr5,43,43000000,43999999,1000000,324818,178333,171130,325219,18618,25165,96400
EH23b.chr5,44,44000000,44999999,1000000,330373,166082,169461,334084,16943,22879,91750
EH23b.chr5,45,45000000,45999999,1000000,321826,173828,176306,328040,18197,24257,94553
EH23b.chr5,46,46000000,46999999,1000000,330835,171465,168441,328759,16325,22109,95764
EH23b.chr5,47,47000000,47999999,1000000,325546,170774,173750,329930,18028,23396,93415
EH23b.chr5,48,48000000,48999999,1000000,340853,165721,159473,333953,15686,20814,93860
EH23b.chr5,49,49000000,49999999,1000000,327739,175792,173496,322973,18533,24699,95579
EH23b.chr5,50,50000000,50999999,1000000,325964,178469,170724,324843,18479,24590,97334
EH23b.chr5,51,51000000,51999999,1000000,325602,175754,175839,322805,18867,24193,95527
EH23b.chr5,52,52000000,52999999,1000000,332760,169770,169402,328068,17765,22714,93769
EH23b.chr5,53,53000000,53999999,1000000,325696,172248,175406,326650,18221,23954,94316
EH23b.chr5,54,54000000,54999999,1000000,333987,165789,166224,334000,16083,21646,92601
EH23b.chr5,55,55000000,55999999,1000000,333235,166702,167009,333054,16668,22417,92920
EH23b.chr5,56,56000000,56999999,1000000,324125,174533,175139,326203,18465,24676,94665
EH23b.chr5,57,57000000,57999999,1000000,335691,165982,163817,334510,15872,21678,93337
EH23b.chr5,58,58000000,58999999,1000000,331560,164311,169179,334950,15882,21109,92323
EH23b.chr5,59,59000000,59999999,1000000,327579,167509,173914,330998,17290,23129,92053
EH23b.chr5,60,60000000,60999999,1000000,333183,172111,166056,328650,16708,23506,95247
EH23b.chr5,61,61000000,61999999,1000000,334890,167505,165909,331696,16540,21779,93642
EH23b.chr5,62,62000000,62999999,1000000,334253,165680,166030,334037,16121,20898,92864
EH23b.chr5,63,63000000,63999999,1000000,329887,172187,165594,332332,16300,22599,96131
EH23b.chr5,64,64000000,64999999,1000000,320406,169681,176569,333344,17982,23553,93116
EH23b.chr5,65,65000000,65999999,1000000,329415,168458,172017,330110,17267,22275,93031
EH23b.chr5,66,66000000,66999999,1000000,330342,170019,170596,329043,17492,22318,93807
EH23b.chr5,67,67000000,67999999,1000000,337539,162803,163681,335977,16246,20438,91800
EH23b.chr5,68,68000000,68999999,1000000,335084,167584,167668,329664,17651,21849,92449
EH23b.chr5,69,69000000,69999999,1000000,330144,172925,169356,327575,18376,23098,94620
EH23b.chr5,70,70000000,70999999,1000000,330405,164868,169733,334994,17021,22196,90781
EH23b.chr5,71,71000000,71999999,1000000,329362,170413,167506,332719,17658,21857,94332
EH23b.chr5,72,72000000,72999999,1000000,334435,167812,162900,334853,15863,21795,93993
EH23b.chr5,73,73000000,73999999,1000000,337929,160314,162082,339675,15152,20281,90649
EH23b.chr5,74,74000000,74999999,1000000,339562,161958,162296,336184,15547,20182,91396
EH23b.chr5,75,75000000,75999999,1000000,347877,155032,155846,341245,14683,18500,89092
EH23b.chr5,76,76000000,76999999,1000000,348029,152992,151033,347946,14371,18533,87926
EH23b.chr5,77,77000000,77999999,1000000,354543,147401,144851,353205,13656,15980,86635
EH23b.chr5,78,78000000,78289000,289000,95696,48049,47395,97860,4492,5585,26939
EH23b.chr2,0,0,999999,1000000,341431,162981,173103,321485,19712,18434,89300
EH23b.chr2,1,1000000,1999999,1000000,344362,155397,158114,342127,13873,18378,91149
EH23b.chr2,2,2000000,2999999,1000000,346320,153151,156159,344370,14251,18644,88508
EH23b.chr2,3,3000000,3999999,1000000,338026,161474,166430,334070,16036,20055,91694
EH23b.chr2,4,4000000,4999999,1000000,335943,162738,165733,335586,16094,21020,91820
EH23b.chr2,5,5000000,5999999,1000000,332250,168929,164177,334144,16266,21561,94751
EH23b.chr2,6,6000000,6999999,1000000,340580,164334,164343,330743,16026,20771,92543
EH23b.chr2,7,7000000,7999999,1000000,334814,166097,169126,329963,15860,21419,93355
EH23b.chr2,8,8000000,8999999,1000000,330699,160895,162240,346166,14831,20800,91795
EH23b.chr2,9,9000000,9999999,1000000,332285,169482,165193,333040,15915,21937,95254
EH23b.chr2,10,10000000,10999999,1000000,332617,172606,169043,325734,17050,22848,95864
EH23b.chr2,11,11000000,11999999,1000000,332419,168204,168949,330428,16565,22226,93706
EH23b.chr2,12,12000000,12999999,1000000,332464,168013,168423,331100,16530,22407,93469
EH23b.chr2,13,13000000,13999999,1000000,332260,169870,167730,330140,16650,22368,94908
EH23b.chr2,14,14000000,14999999,1000000,333643,175686,167226,323445,17277,22816,97331
EH23b.chr2,15,15000000,15999999,1000000,333931,171354,165976,328739,16956,22386,95325
EH23b.chr2,16,16000000,16999999,1000000,333414,166778,167568,332240,16251,22426,93124
EH23b.chr2,17,17000000,17999999,1000000,326372,169162,174323,330143,17103,23307,93220
EH23b.chr2,18,18000000,18999999,1000000,328664,167415,172498,331423,17510,22324,92439
EH23b.chr2,19,19000000,19999999,1000000,332290,167863,168623,331224,17091,22112,92938
EH23b.chr2,20,20000000,20999999,1000000,329460,177771,169595,323174,18151,24384,97122
EH23b.chr2,21,21000000,21999999,1000000,328956,170152,172861,328031,16985,23500,93810
EH23b.chr2,22,22000000,22999999,1000000,330706,174718,169826,324750,18696,23984,95359
EH23b.chr2,23,23000000,23999999,1000000,333173,173492,169497,323838,17397,23202,95769
EH23b.chr2,24,24000000,24999999,1000000,329470,164785,170046,335699,17186,22677,90908
EH23b.chr2,25,25000000,25999999,1000000,328438,168183,170061,333318,17905,22808,92442
EH23b.chr2,26,26000000,26999999,1000000,331288,163016,166684,339012,16175,21724,91309
EH23b.chr2,27,27000000,27999999,1000000,330362,169367,170206,330065,16411,22307,94726
EH23b.chr2,28,28000000,28999999,1000000,328829,171587,173022,326562,18551,23579,93739
EH23b.chr2,29,29000000,29999999,1000000,329107,169499,173740,327654,17436,23453,93192
EH23b.chr2,30,30000000,30999999,1000000,324464,174248,178423,322865,19597,24695,93505
EH23b.chr2,31,31000000,31999999,1000000,327007,169561,175439,327993,18103,24127,92493
EH23b.chr2,32,32000000,32999999,1000000,322115,175645,175401,326839,19348,24881,94441
EH23b.chr2,33,33000000,33999999,1000000,317510,180959,180509,321022,20588,25597,96712
EH23b.chr2,34,34000000,34999999,1000000,318931,182194,179850,319025,21152,27170,96007
EH23b.chr2,35,35000000,35999999,1000000,317650,175033,186877,320440,20876,27088,91677
EH23b.chr2,36,36000000,36999999,1000000,319703,201309,187241,290747,23908,33770,100985
EH23b.chr2,37,37000000,37999999,1000000,320235,179681,176580,323504,20267,25308,96493
EH23b.chr2,38,38000000,38999999,1000000,326214,193778,182908,297100,22915,30417,99233
EH23b.chr2,39,39000000,39999999,1000000,298743,242035,220592,238630,34817,50193,106158
EH23b.chr2,40,40000000,40999999,1000000,299164,256607,225518,218711,38031,55232,109645
EH23b.chr2,41,41000000,41999999,1000000,302097,185877,193002,319024,23112,30912,94466
EH23b.chr2,42,42000000,42999999,1000000,324575,174816,177644,322965,18306,24828,94894
EH23b.chr2,43,43000000,43999999,1000000,329861,172095,168523,329521,17524,23319,94686
EH23b.chr2,44,44000000,44999999,1000000,323362,172789,179311,324538,19054,24683,92863
EH23b.chr2,45,45000000,45999999,1000000,318126,173387,184850,323637,20814,26848,91108
EH23b.chr2,46,46000000,46999999,1000000,319657,175548,182873,321922,20480,26042,93258
EH23b.chr2,47,47000000,47999999,1000000,325172,175168,179332,320328,18579,25641,94412
EH23b.chr2,48,48000000,48999999,1000000,327453,169666,173019,329862,17226,22655,93771
EH23b.chr2,49,49000000,49999999,1000000,329189,173365,170891,325555,16907,22698,96315
EH23b.chr2,50,50000000,50999999,1000000,320178,171314,178440,330068,18869,24367,92687
EH23b.chr2,51,51000000,51999999,1000000,332950,167380,166882,332788,16096,22444,93348
EH23b.chr2,52,52000000,52999999,1000000,326391,168586,175632,329391,18055,24661,91558
EH23b.chr2,53,53000000,53999999,1000000,331967,169276,167549,331208,15968,21631,95276
EH23b.chr2,54,54000000,54999999,1000000,327053,170967,174180,327800,17940,23005,93490
EH23b.chr2,55,55000000,55999999,1000000,324032,168263,175298,332407,17489,23061,92393
EH23b.chr2,56,56000000,56999999,1000000,324371,174825,174048,326756,18687,23818,95445
EH23b.chr2,57,57000000,57999999,1000000,331329,171979,168117,328575,16982,22726,95456
EH23b.chr2,58,58000000,58999999,1000000,331131,168259,169779,330831,16919,22332,93240
EH23b.chr2,59,59000000,59999999,1000000,332806,168716,168303,330175,17810,21632,93233
EH23b.chr2,60,60000000,60999999,1000000,334878,168996,164606,331520,17023,21138,94727
EH23b.chr2,61,61000000,61999999,1000000,328976,171515,169427,330082,18046,23124,93816
EH23b.chr2,62,62000000,62999999,1000000,328117,167322,172222,332339,17066,22720,92645
EH23b.chr2,63,63000000,63999999,1000000,333925,170149,164573,331353,17383,21661,94479
EH23b.chr2,64,64000000,64999999,1000000,338586,167826,164438,329150,15982,21524,94290
EH23b.chr2,65,65000000,65999999,1000000,330989,169511,170783,328717,17439,22691,93476
EH23b.chr2,66,66000000,66999999,1000000,332981,170342,168494,328183,16809,22425,94880
EH23b.chr2,67,67000000,67999999,1000000,332376,168522,164975,334127,16622,21688,94088
EH23b.chr2,68,68000000,68999999,1000000,328220,171177,168012,332591,17468,22142,94800
EH23b.chr2,69,69000000,69999999,1000000,331599,168585,168231,331085,17586,22912,92547
EH23b.chr2,70,70000000,70999999,1000000,331411,169357,164201,335031,15634,21822,95430
EH23b.chr2,71,71000000,71999999,1000000,328849,167996,172201,330954,18061,23154,91773
EH23b.chr2,72,72000000,72999999,1000000,332539,162359,166943,338159,15829,21504,90904
EH23b.chr2,73,73000000,73999999,1000000,335945,165513,162221,336321,15851,21431,93161
EH23b.chr2,74,74000000,74999999,1000000,335147,162929,166482,335442,15608,21266,91637
EH23b.chr2,75,75000000,75999999,1000000,332066,166921,168897,332116,16781,22023,92531
EH23b.chr2,76,76000000,76999999,1000000,344175,155490,158464,341871,14761,19341,88500
EH23b.chr2,77,77000000,77999999,1000000,340774,156834,158418,343974,14889,18955,89649
EH23b.chr2,78,78000000,78999999,1000000,348176,151416,155061,345347,13106,18115,88628
EH23b.chr2,79,79000000,79999999,1000000,340982,158605,158259,342154,13183,18392,93135
EH23b.chr2,80,80000000,80157000,157000,49970,26176,26319,54535,2483,2877,14723
EH23b.chr3,0,0,999999,1000000,333612,166234,163507,336147,14906,19488,95138
EH23b.chr3,1,1000000,1999999,1000000,345414,158264,162611,333711,15023,18108,91259
EH23b.chr3,2,2000000,2999999,1000000,343409,154032,161619,340940,15403,18126,88244
EH23b.chr3,3,3000000,3999999,1000000,337212,158974,160167,343647,14118,19297,91806
EH23b.chr3,4,4000000,4999999,1000000,341808,156058,158186,343948,14300,19355,89562
EH23b.chr3,5,5000000,5999999,1000000,341385,157807,160634,340174,14264,19745,90180
EH23b.chr3,6,6000000,6999999,1000000,336386,164019,163452,336143,15725,21034,92876
EH23b.chr3,7,7000000,7999999,1000000,334113,164122,166737,335028,15972,21946,91909
EH23b.chr3,8,8000000,8999999,1000000,328891,173926,168064,329119,17308,22622,96404
EH23b.chr3,9,9000000,9999999,1000000,332804,163299,168941,334956,15635,21345,91896
EH23b.chr3,10,10000000,10999999,1000000,338296,166409,163786,331509,16259,21860,92940
EH23b.chr3,11,11000000,11999999,1000000,334258,163756,165125,336861,15445,20481,93173
EH23b.chr3,12,12000000,12999999,1000000,332524,165260,164878,336838,14939,20970,93648
EH23b.chr3,13,13000000,13999999,1000000,328510,170973,170655,329862,17571,22988,94010
EH23b.chr3,14,14000000,14999999,1000000,330939,171020,169460,328081,17590,23214,94129
EH23b.chr3,15,15000000,15999999,1000000,323478,169066,175535,330921,17744,22650,93015
EH23b.chr3,16,16000000,16999999,1000000,327786,166996,174264,330954,17721,23041,91627
EH23b.chr3,17,17000000,17999999,1000000,332101,168229,168931,330739,16857,22207,93841
EH23b.chr3,18,18000000,18999999,1000000,327981,172709,173708,325602,18171,23725,94523
EH23b.chr3,19,19000000,19999999,1000000,328278,170805,172647,328270,17879,23532,93632
EH23b.chr3,20,20000000,20999999,1000000,327826,172115,172161,327898,18116,23888,93943
EH23b.chr3,21,21000000,21999999,1000000,324012,177573,171620,326795,18936,24505,96414
EH23b.chr3,22,22000000,22999999,1000000,322944,174472,178122,324462,19726,25272,93582
EH23b.chr3,23,23000000,23999999,1000000,328012,171164,168340,332484,15929,21873,96182
EH23b.chr3,24,24000000,24999999,1000000,325666,174727,174245,325362,17954,23530,95750
EH23b.chr3,25,25000000,25999999,1000000,333858,169285,166299,330558,16404,21620,94861
EH23b.chr3,26,26000000,26999999,1000000,329012,165756,168462,336770,17262,21955,91674
EH23b.chr3,27,27000000,27999999,1000000,330905,170073,171765,327257,18212,23314,93267
EH23b.chr3,28,28000000,28999999,1000000,323373,171954,175403,329270,18080,24355,93452
EH23b.chr3,29,29000000,29999999,1000000,327681,169340,169566,333413,16703,22661,93854
EH23b.chr3,30,30000000,30999999,1000000,326607,173934,172691,326768,17906,24754,94687
EH23b.chr3,31,31000000,31999999,1000000,328939,175963,172839,322259,18840,25148,95142
EH23b.chr3,32,32000000,32999999,1000000,330747,175554,168090,325609,17510,23616,96540
EH23b.chr3,33,33000000,33999999,1000000,322616,171733,175956,329695,18477,24119,93281
EH23b.chr3,34,34000000,34999999,1000000,322828,175354,174795,327023,18916,24918,94885
EH23b.chr3,35,35000000,35999999,1000000,326777,175613,169376,328234,18326,23823,95871
EH23b.chr3,36,36000000,36999999,1000000,333978,172524,170405,323093,16961,23547,95367
EH23b.chr3,37,37000000,37999999,1000000,327373,164125,172380,336122,16282,21360,91925
EH23b.chr3,38,38000000,38999999,1000000,325212,167507,177087,330194,17946,23488,91473
EH23b.chr3,39,39000000,39999999,1000000,327206,177908,174562,320324,19133,24389,96271
EH23b.chr3,40,40000000,40999999,1000000,324010,181849,174364,319777,19562,25494,98012
EH23b.chr3,41,41000000,41999999,1000000,323989,186701,182190,307120,21641,29089,96821
EH23b.chr3,42,42000000,42999999,1000000,334569,243120,200243,222068,31540,47639,110633
EH23b.chr3,43,43000000,43999999,1000000,256094,239368,242110,261928,37634,53384,101615
EH23b.chr3,44,44000000,44999999,1000000,255695,229403,235706,279196,35050,49849,100300
EH23b.chr3,45,45000000,45999999,1000000,281881,212513,213168,292438,29809,41279,98642
EH23b.chr3,46,46000000,46999999,1000000,315559,177908,187298,319235,22051,28602,92231
EH23b.chr3,47,47000000,47999999,1000000,317589,184470,177701,320240,21841,28175,96303
EH23b.chr3,48,48000000,48999999,1000000,325187,185085,174560,315168,20489,26311,98859
EH23b.chr3,49,49000000,49999999,1000000,325426,170134,175851,328589,19010,25067,91542
EH23b.chr3,50,50000000,50999999,1000000,324298,177848,178507,319347,20006,24568,95809
EH23b.chr3,51,51000000,51999999,1000000,330419,172772,168461,328348,16681,23155,96348
EH23b.chr3,52,52000000,52999999,1000000,321213,174016,175687,329084,18584,23956,94472
EH23b.chr3,53,53000000,53999999,1000000,325705,170081,173877,330337,18350,23824,92572
EH23b.chr3,54,54000000,54999999,1000000,325981,178603,176662,318754,19721,25677,95322
EH23b.chr3,55,55000000,55999999,1000000,331463,169786,167922,330829,16642,22847,94132
EH23b.chr3,56,56000000,56999999,1000000,332052,173317,167058,327573,17363,22442,96072
EH23b.chr3,57,57000000,57999999,1000000,326706,175715,174463,323116,18873,24323,95103
EH23b.chr3,58,58000000,58999999,1000000,328978,171205,170411,329406,17833,24058,93692
EH23b.chr3,59,59000000,59999999,1000000,332427,171435,167532,328606,17062,22823,94942
EH23b.chr3,60,60000000,60999999,1000000,328457,169726,169515,332302,17042,22769,93968
EH23b.chr3,61,61000000,61999999,1000000,332979,163811,166467,336743,16814,21410,91222
EH23b.chr3,62,62000000,62999999,1000000,327272,164983,170589,337156,15896,21904,92612
EH23b.chr3,63,63000000,63999999,1000000,338890,165018,163456,332636,15691,21825,92942
EH23b.chr3,64,64000000,64999999,1000000,329208,172639,172671,325482,18174,23996,94371
EH23b.chr3,65,65000000,65999999,1000000,326163,170505,174520,328812,17915,23487,93115
EH23b.chr3,66,66000000,66999999,1000000,333857,170394,168502,327247,16616,22970,94627
EH23b.chr3,67,67000000,67999999,1000000,333314,164339,164325,338022,15759,21119,92583
EH23b.chr3,68,68000000,68999999,1000000,330438,171860,168546,329156,18030,22493,94704
EH23b.chr3,69,69000000,69999999,1000000,331886,162195,168013,337906,16313,21669,90922
EH23b.chr3,70,70000000,70999999,1000000,329934,166505,166543,337018,15748,21861,93136
EH23b.chr3,71,71000000,71999999,1000000,318061,176371,183305,322263,21604,29177,91165
EH23b.chr3,72,72000000,72999999,1000000,332382,166642,167329,333647,16830,22082,93014
EH23b.chr3,73,73000000,73999999,1000000,327351,172351,170482,329816,17740,23608,94447
EH23b.chr3,74,74000000,74999999,1000000,327753,169481,170474,331292,17309,22753,93240
EH23b.chr3,75,75000000,75999999,1000000,334339,167218,167574,329869,17295,22603,92175
EH23b.chr3,76,76000000,76999999,1000000,332447,170496,164088,332969,16504,22212,95013
EH23b.chr3,77,77000000,77999999,1000000,338979,168345,162341,330335,16896,20989,94262
EH23b.chr3,78,78000000,78999999,1000000,337571,163776,163664,334989,15490,21051,92563
EH23b.chr3,79,79000000,79999999,1000000,337475,164140,161515,336870,15169,20753,93188
EH23b.chr3,80,80000000,80999999,1000000,338351,161590,161887,338172,15125,20492,91643
EH23b.chr3,81,81000000,81999999,1000000,344272,158133,156979,340616,15616,19473,89642
EH23b.chr3,82,82000000,82999999,1000000,346090,151409,154500,348001,15241,17292,87542
EH23b.chr3,83,83000000,83805000,805000,268627,127802,126070,282501,13222,13361,71852
EH23b.chr4,0,0,999999,1000000,346823,149981,156720,346476,14864,18147,86518
EH23b.chr4,1,1000000,1999999,1000000,343097,155079,155407,346417,13339,18490,90132
EH23b.chr4,2,2000000,2999999,1000000,349594,152512,150737,347157,13396,18201,88707
EH23b.chr4,3,3000000,3999999,1000000,341873,156364,158651,343112,15162,19575,88856
EH23b.chr4,4,4000000,4999999,1000000,344207,152103,156277,346913,15171,18981,86431
EH23b.chr4,5,5000000,5999999,1000000,341235,162606,158577,337582,15679,20865,91493
EH23b.chr4,6,6000000,6999999,1000000,341275,161406,158410,338909,14539,19549,92583
EH23b.chr4,7,7000000,7999999,1000000,337495,161689,158250,342566,14313,20030,92690
EH23b.chr4,8,8000000,8999999,1000000,341501,156688,162093,339718,15396,19564,88797
EH23b.chr4,9,9000000,9999999,1000000,328313,171286,171619,328782,18872,23587,92748
EH23b.chr4,10,10000000,10999999,1000000,336808,162870,162146,338176,15879,20956,91565
EH23b.chr4,11,11000000,11999999,1000000,326195,170820,167997,332988,17864,22439,93923
EH23b.chr4,12,12000000,12999999,1000000,335754,167162,165890,331194,16582,21669,92963
EH23b.chr4,13,13000000,13999999,1000000,336361,166215,164835,332589,16737,21754,92590
EH23b.chr4,14,14000000,14999999,1000000,327689,170768,170959,330584,18315,22699,93648
EH23b.chr4,15,15000000,15999999,1000000,333549,167066,166362,333023,16249,21707,93754
EH23b.chr4,16,16000000,16999999,1000000,332950,166593,169681,330776,17488,22336,91761
EH23b.chr4,17,17000000,17999999,1000000,330329,166739,168919,334013,16194,21687,93210
EH23b.chr4,18,18000000,18999999,1000000,333734,168558,168880,328828,17262,23432,93003
EH23b.chr4,19,19000000,19999999,1000000,336939,164036,165803,333222,16386,21102,91833
EH23b.chr4,20,20000000,20999999,1000000,327960,169750,172452,329838,17927,23219,92771
EH23b.chr4,21,21000000,21999999,1000000,331671,173146,167337,327846,17070,22597,96353
EH23b.chr4,22,22000000,22999999,1000000,326624,169836,174344,329196,18359,22731,92917
EH23b.chr4,23,23000000,23999999,1000000,330979,169841,168208,330972,16536,22417,94711
EH23b.chr4,24,24000000,24999999,1000000,335157,161515,167737,335591,16252,21084,90597
EH23b.chr4,25,25000000,25999999,1000000,330797,171059,167990,330154,16914,23174,94473
EH23b.chr4,26,26000000,26999999,1000000,338459,169586,163648,328307,15894,21258,95391
EH23b.chr4,27,27000000,27999999,1000000,331252,170055,166578,332115,17371,22014,94487
EH23b.chr4,28,28000000,28999999,1000000,331553,167334,163939,337174,15521,21073,94726
EH23b.chr4,29,29000000,29999999,1000000,329801,167853,170710,331636,16871,21660,93540
EH23b.chr4,30,30000000,30999999,1000000,330017,169185,167967,332831,16579,22273,94381
EH23b.chr4,31,31000000,31999999,1000000,329610,162555,168813,337522,15387,20950,91677
EH23b.chr4,32,32000000,32999999,1000000,331999,165913,169644,331444,16533,22148,92330
EH23b.chr4,33,33000000,33999999,1000000,336554,168546,163864,331036,16036,21003,94744
EH23b.chr4,34,34000000,34999999,1000000,327876,172242,173018,326864,17247,23618,94672
EH23b.chr4,35,35000000,35999999,1000000,330063,169346,170566,329525,17195,22746,93748
EH23b.chr4,36,36000000,36999999,1000000,328855,169510,170085,331550,17726,23743,92924
EH23b.chr4,37,37000000,37999999,1000000,329291,169917,169974,330818,17798,23308,93212
EH23b.chr4,38,38000000,38999999,1000000,332590,168428,165096,333886,16189,21444,94583
EH23b.chr4,39,39000000,39999999,1000000,333527,167034,169062,328877,16762,22103,92546
EH23b.chr4,40,40000000,40999999,1000000,322418,168442,180121,329019,18906,24970,90526
EH23b.chr4,41,41000000,41999999,1000000,326173,171312,175286,327229,18401,23560,93329
EH23b.chr4,42,42000000,42999999,1000000,325284,165922,175463,333331,17669,23750,90688
EH23b.chr4,43,43000000,43999999,1000000,323006,176342,176587,322565,20133,25420,94477
EH23b.chr4,44,44000000,44999999,1000000,325587,181787,174420,318206,18665,25717,98724
EH23b.chr4,45,45000000,45999999,1000000,325768,184724,175657,313851,19438,26904,98547
EH23b.chr4,46,46000000,46999999,1000000,318517,177254,180758,323471,20415,26727,93727
EH23b.chr4,47,47000000,47999999,1000000,323115,177279,179289,320317,19508,26545,94760
EH23b.chr4,48,48000000,48999999,1000000,325172,176377,174561,323890,19220,25838,94813
EH23b.chr4,49,49000000,49999999,1000000,318268,172325,182243,327164,18487,24904,93195
EH23b.chr4,50,50000000,50999999,1000000,332220,172492,167857,327431,17508,23375,95161
EH23b.chr4,51,51000000,51999999,1000000,333584,172084,166276,328056,17655,23309,94950
EH23b.chr4,52,52000000,52999999,1000000,329919,173810,168651,327620,17634,23728,95425
EH23b.chr4,53,53000000,53999999,1000000,333330,172811,169893,323966,17621,22980,95133
EH23b.chr4,54,54000000,54999999,1000000,324965,177246,174315,323474,18918,25371,95804
EH23b.chr4,55,55000000,55999999,1000000,323514,177249,176581,322656,19914,26043,94828
EH23b.chr4,56,56000000,56999999,1000000,333342,167333,167319,332006,16200,22246,93859
EH23b.chr4,57,57000000,57999999,1000000,327046,167883,171847,333224,17227,22987,92341
EH23b.chr4,58,58000000,58999999,1000000,329363,169712,167769,333156,17621,23111,93256
EH23b.chr4,59,59000000,59999999,1000000,332255,166860,169790,331095,16985,22511,92658
EH23b.chr4,60,60000000,60999999,1000000,331488,169566,171396,327550,17295,23917,93001
EH23b.chr4,61,61000000,61999999,1000000,333340,173400,170011,323249,17937,23356,95199
EH23b.chr4,62,62000000,62999999,1000000,331824,166568,169188,331920,16474,22034,92736
EH23b.chr4,63,63000000,63999999,1000000,329623,168989,167589,333799,17454,22044,93604
EH23b.chr4,64,64000000,64999999,1000000,337730,161384,163647,337239,15261,20506,91795
EH23b.chr4,65,65000000,65999999,1000000,328856,170737,172193,328214,17905,24243,93089
EH23b.chr4,66,66000000,66999999,1000000,329407,167315,168655,334123,17537,22639,92103
EH23b.chr4,67,67000000,67999999,1000000,325249,168947,169822,335982,16900,22201,93938
EH23b.chr4,68,68000000,68999999,1000000,330137,177789,171520,320554,19164,24064,96433
EH23b.chr4,69,69000000,69999999,1000000,332635,168412,169882,329071,15982,21794,94623
EH23b.chr4,70,70000000,70999999,1000000,333941,166224,168178,331657,17194,21416,92342
EH23b.chr4,71,71000000,71999999,1000000,326102,173545,169102,331251,17568,22560,95607
EH23b.chr4,72,72000000,72999999,1000000,335316,166404,163882,334398,15766,20932,94260
EH23b.chr4,73,73000000,73999999,1000000,325434,168970,174422,329174,17606,22853,92429
EH23b.chr4,74,74000000,74999999,1000000,332754,167398,164262,335586,15769,22351,93521
EH23b.chr4,75,75000000,75999999,1000000,333874,164453,165747,335926,16613,22068,91235
EH23b.chr4,76,76000000,76999999,1000000,337953,161757,161382,338908,15365,20269,91848
EH23b.chr4,77,77000000,77999999,1000000,341913,153157,155529,349401,14438,18549,88108
EH23b.chr4,78,78000000,78999999,1000000,348390,151482,152981,347147,14927,17619,87037
EH23b.chr4,79,79000000,79999999,1000000,320499,172239,160682,346080,20208,15430,92513
EH23b.chr4,80,80000000,80999999,1000000,338010,154044,153173,353773,15785,14982,88877
EH23b.chr4,81,81000000,81133510,133510,41289,24936,22297,44988,2910,2217,13213
EH23b.chr7,0,0,999999,1000000,340394,162466,164830,332310,14485,19919,93001
EH23b.chr7,1,1000000,1999999,1000000,346689,153247,151759,348305,13718,17060,90414
EH23b.chr7,2,2000000,2999999,1000000,342357,158767,156956,341920,14862,18642,91103
EH23b.chr7,3,3000000,3999999,1000000,336428,165145,166872,331555,16217,22296,92086
EH23b.chr7,4,4000000,4999999,1000000,334062,161552,164008,340378,16371,21208,90363
EH23b.chr7,5,5000000,5999999,1000000,332694,165717,163400,337689,15865,22018,92846
EH23b.chr7,6,6000000,6999999,1000000,335076,168667,164849,330908,16553,22051,94027
EH23b.chr7,7,7000000,7999999,1000000,327269,167162,172184,333385,16090,23144,92845
EH23b.chr7,8,8000000,8999999,1000000,327989,175926,168461,327624,17335,23697,97015
EH23b.chr7,9,9000000,9999999,1000000,336589,165231,164001,333679,15631,21388,92894
EH23b.chr7,10,10000000,10999999,1000000,331317,175845,169066,323772,18205,24443,95653
EH23b.chr7,11,11000000,11999999,1000000,329412,175323,168561,326704,18542,24019,95885
EH23b.chr7,12,12000000,12999999,1000000,328233,170837,170715,329215,18841,23475,93006
EH23b.chr7,13,13000000,13999999,1000000,332537,171270,168200,327493,17511,22863,94663
EH23b.chr7,14,14000000,14999999,1000000,334958,168249,169425,327368,16704,22674,93302
EH23b.chr7,15,15000000,15999999,1000000,332978,166536,168767,331719,16376,22011,93016
EH23b.chr7,16,16000000,16999999,1000000,330272,172547,169541,327640,16981,22902,96003
EH23b.chr7,17,17000000,17999999,1000000,330892,174213,166243,328152,16961,22741,96840
EH23b.chr7,18,18000000,18999999,1000000,285839,174646,202281,337234,28639,24096,87077
EH23b.chr7,19,19000000,19999999,1000000,273714,181720,210499,334067,32939,26242,86758
EH23b.chr7,20,20000000,20999999,1000000,335393,170617,169341,324649,17147,22849,94705
EH23b.chr7,21,21000000,21999999,1000000,331185,172350,168124,328341,16994,23370,95433
EH23b.chr7,22,22000000,22999999,1000000,323177,171804,177850,327169,18989,25718,91890
EH23b.chr7,23,23000000,23999999,1000000,327920,172512,173633,325935,17854,23683,94514
EH23b.chr7,24,24000000,24999999,1000000,329884,171095,170345,328176,17049,22979,94609
EH23b.chr7,25,25000000,25999999,1000000,328427,168270,171261,330542,17526,23628,91989
EH23b.chr7,26,26000000,26999999,1000000,331235,172869,169375,326521,17060,23045,95605
EH23b.chr7,27,27000000,27999999,1000000,325464,172713,175294,326529,18388,24547,94029
EH23b.chr7,28,28000000,28999999,1000000,317969,185220,175773,321038,21016,27678,98184
EH23b.chr7,29,29000000,29999999,1000000,316785,183590,180565,319060,21243,27183,96904
EH23b.chr7,30,30000000,30999999,1000000,324173,185805,180086,309936,20919,28096,97600
EH23b.chr7,31,31000000,31999999,1000000,327200,178067,170603,324130,18582,24182,97213
EH23b.chr7,32,32000000,32999999,1000000,316091,175157,182064,326188,20213,26526,92812
EH23b.chr7,33,33000000,33999999,1000000,318758,192443,190492,298307,23706,31533,97274
EH23b.chr7,34,34000000,34999999,1000000,299122,230717,214397,255764,32912,46197,103943
EH23b.chr7,35,35000000,35999999,1000000,272396,251249,238627,237728,39367,56432,105344
EH23b.chr7,36,36000000,36999999,1000000,267316,229021,229157,274506,34648,49183,100463
EH23b.chr7,37,37000000,37999999,1000000,264870,209708,224104,301318,31067,42321,96000
EH23b.chr7,38,38000000,38999999,1000000,330412,167594,168282,333712,16354,22051,93725
EH23b.chr7,39,39000000,39999999,1000000,322470,176933,176302,324295,19205,25123,95404
EH23b.chr7,40,40000000,40999999,1000000,325118,174193,175295,325394,18582,24065,94724
EH23b.chr7,41,41000000,41999999,1000000,324578,177220,171460,326742,19268,24344,96338
EH23b.chr7,42,42000000,42999999,1000000,323582,170621,173102,332695,18418,25047,92218
EH23b.chr7,43,43000000,43999999,1000000,329766,169580,170793,329861,17358,22945,93378
EH23b.chr7,44,44000000,44999999,1000000,332256,174748,168244,324752,18244,23921,95969
EH23b.chr7,45,45000000,45999999,1000000,327872,172176,175079,324873,18481,24216,93792
EH23b.chr7,46,46000000,46999999,1000000,329540,171544,168911,330005,17257,22880,94881
EH23b.chr7,47,47000000,47999999,1000000,332905,168061,166870,331664,16944,21969,93203
EH23b.chr7,48,48000000,48999999,1000000,331658,171929,170050,326363,18088,22293,94974
EH23b.chr7,49,49000000,49999999,1000000,332229,167422,165394,333955,15684,21074,94343
EH23b.chr7,50,50000000,50999999,1000000,330513,173483,170246,325258,17849,23653,94870
EH23b.chr7,51,51000000,51999999,1000000,327998,168384,171979,331639,17071,22740,93271
EH23b.chr7,52,52000000,52999999,1000000,330365,173514,168219,327902,17193,21885,97007
EH23b.chr7,53,53000000,53999999,1000000,327878,167153,171642,333327,17785,22924,91672
EH23b.chr7,54,54000000,54999999,1000000,327129,172002,171683,329186,17947,23162,94419
EH23b.chr7,55,55000000,55999999,1000000,327353,174774,169386,328487,18023,23074,96080
EH23b.chr7,56,56000000,56999999,1000000,328391,168992,170581,332036,17407,22090,93722
EH23b.chr7,57,57000000,57999999,1000000,335399,165957,164910,333234,15726,21127,93432
EH23b.chr7,58,58000000,58999999,1000000,333071,164185,170141,332603,16666,21863,91452
EH23b.chr7,59,59000000,59999999,1000000,332689,164652,165559,336600,16524,21184,92016
EH23b.chr7,60,60000000,60999999,1000000,338079,160651,161416,339854,15664,20381,90462
EH23b.chr7,61,61000000,61999999,1000000,343459,157180,156366,342495,15652,19646,88691
EH23b.chr7,62,62000000,62999999,1000000,348490,153253,160165,338092,15285,17080,88629
EH23b.chr7,63,63000000,63999999,1000000,349282,150246,151072,349400,14414,17063,87569
EH23b.chr7,64,64000000,64212500,212500,72667,30941,33935,74957,2875,3435,18055
EH23b.chr8,0,0,999999,1000000,345193,156466,167510,330831,16440,17582,88896
EH23b.chr8,1,1000000,1999999,1000000,345761,152989,154787,346463,13373,18065,88895
EH23b.chr8,2,2000000,2999999,1000000,342804,159200,159092,338904,13714,20064,91662
EH23b.chr8,3,3000000,3999999,1000000,346636,154109,154500,344755,13497,18353,89562
EH23b.chr8,4,4000000,4999999,1000000,339776,156079,157156,346989,13909,19052,90275
EH23b.chr8,5,5000000,5999999,1000000,341248,154858,156775,347119,13627,18932,89491
EH23b.chr8,6,6000000,6999999,1000000,339046,160384,161864,338706,15141,20099,91344
EH23b.chr8,7,7000000,7999999,1000000,333997,160423,164471,341109,14357,20484,91600
EH23b.chr8,8,8000000,8999999,1000000,339294,158900,161636,340170,15269,20265,90179
EH23b.chr8,9,9000000,9999999,1000000,328796,168434,168378,334392,17467,21741,92612
EH23b.chr8,10,10000000,10999999,1000000,340540,163735,163277,332448,16581,20295,92067
EH23b.chr8,11,11000000,11999999,1000000,333029,167498,167327,331646,16619,21660,93237
EH23b.chr8,12,12000000,12999999,1000000,332267,168542,166663,332528,17500,21985,93187
EH23b.chr8,13,13000000,13999999,1000000,333578,167797,163792,334833,15603,20475,94993
EH23b.chr8,14,14000000,14999999,1000000,331796,165032,168947,333725,15379,21534,93422
EH23b.chr8,15,15000000,15999999,1000000,332114,165519,168358,334009,15558,21020,93795
EH23b.chr8,16,16000000,16999999,1000000,327518,171005,171870,329607,16552,23019,94993
EH23b.chr8,17,17000000,17999999,1000000,329568,170573,169766,330093,16765,22613,94370
EH23b.chr8,18,18000000,18999999,1000000,328807,168800,169979,331914,17419,21759,93747
EH23b.chr8,19,19000000,19999999,1000000,333297,166206,170239,330258,16927,21532,92599
EH23b.chr8,20,20000000,20999999,1000000,336417,166649,164541,332393,15504,20772,94600
EH23b.chr8,21,21000000,21999999,1000000,337494,164585,167216,330705,15507,20505,93602
EH23b.chr8,22,22000000,22999999,1000000,331050,163831,170172,334947,15270,21108,92931
EH23b.chr8,23,23000000,23999999,1000000,336513,166464,161797,335226,14500,20652,95097
EH23b.chr8,24,24000000,24999999,1000000,337527,161727,164550,336196,14449,19965,92565
EH23b.chr8,25,25000000,25999999,1000000,331680,164135,164922,339263,16234,20575,92590
EH23b.chr8,26,26000000,26999999,1000000,332318,169584,165667,332431,16894,22314,94205
EH23b.chr8,27,27000000,27999999,1000000,328660,170116,168587,332637,17312,22525,94153
EH23b.chr8,28,28000000,28999999,1000000,339413,166501,165314,328772,15973,21088,93767
EH23b.chr8,29,29000000,29999999,1000000,335331,164544,164217,335908,16913,21363,91761
EH23b.chr8,30,30000000,30999999,1000000,335592,169740,168648,326020,17766,22566,93420
EH23b.chr8,31,31000000,31999999,1000000,328722,165325,172978,332975,17605,22463,91079
EH23b.chr8,32,32000000,32999999,1000000,331975,164997,168360,334668,15403,21663,92876
EH23b.chr8,33,33000000,33999999,1000000,333324,169251,166859,330066,16661,21998,94248
EH23b.chr8,34,34000000,34999999,1000000,331735,167392,170833,330040,17132,22671,92368
EH23b.chr8,35,35000000,35999999,1000000,331832,168478,168781,330409,16936,22483,92847
EH23b.chr8,36,36000000,36999999,1000000,337455,164123,163367,335055,16334,21422,91948
EH23b.chr8,37,37000000,37999999,1000000,337073,162425,161035,338467,15681,20644,91280
EH23b.chr8,38,38000000,38999999,1000000,327201,174983,173632,324184,18889,24582,94464
EH23b.chr8,39,39000000,39999999,1000000,328847,169975,169736,331442,17591,23045,93700
EH23b.chr8,40,40000000,40999999,1000000,324977,171753,177459,325811,19690,25204,91969
EH23b.chr8,41,41000000,41999999,1000000,324400,174688,178228,322684,18962,25270,93980
EH23b.chr8,42,42000000,42999999,1000000,330227,173800,173162,322811,18308,24431,94622
EH23b.chr8,43,43000000,43999999,1000000,327326,176651,176555,319468,19356,25880,94762
EH23b.chr8,44,44000000,44999999,1000000,321675,182548,178165,317612,21466,28014,95788
EH23b.chr8,45,45000000,45999999,1000000,323831,172192,175567,328410,18501,24570,92969
EH23b.chr8,46,46000000,46999999,1000000,325132,176981,174746,323141,19291,25550,95286
EH23b.chr8,47,47000000,47999999,1000000,272299,206442,228746,292513,40072,33554,93180
EH23b.chr8,48,48000000,48999999,1000000,282839,225054,217212,274895,40585,37928,101910
EH23b.chr8,49,49000000,49999999,1000000,310936,190923,191361,306780,23680,31194,96724
EH23b.chr8,50,50000000,50999999,1000000,320867,179359,182417,316857,21392,26300,94803
EH23b.chr8,51,51000000,51999999,1000000,322471,180525,175695,321309,20259,24844,96708
EH23b.chr8,52,52000000,52999999,1000000,325337,169525,176946,328192,18283,23905,91869
EH23b.chr8,53,53000000,53999999,1000000,322010,174261,175245,328484,19431,24044,94485
EH23b.chr8,54,54000000,54999999,1000000,321302,178889,176682,323127,20022,25969,95312
EH23b.chr8,55,55000000,55650000,650000,209120,116230,116930,207720,13559,17146,61353
EH23b.chr9,0,0,999999,1000000,350104,154978,157379,337039,14959,17213,89814
EH23b.chr9,1,1000000,1999999,1000000,348143,155389,154444,342024,14519,17851,90287
EH23b.chr9,2,2000000,2999999,1000000,346192,154380,153603,344325,14286,17768,88623
EH23b.chr9,3,3000000,3999999,1000000,338062,159470,161177,341291,13983,19980,91536
EH23b.chr9,4,4000000,4999999,1000000,337975,159828,163109,339088,14786,19613,91321
EH23b.chr9,5,5000000,5999999,1000000,344558,156725,158074,340643,14064,18912,90511
EH23b.chr9,6,6000000,6999999,1000000,341952,160807,158969,338272,14837,19704,91798
EH23b.chr9,7,7000000,7999999,1000000,331644,168497,166958,332901,16496,22049,94112
EH23b.chr9,8,8000000,8999999,1000000,330216,166484,167870,335430,16773,21240,93191
EH23b.chr9,9,9000000,9999999,1000000,332213,165156,169273,333358,17195,21390,92003
EH23b.chr9,10,10000000,10999999,1000000,331152,163362,169906,335580,16485,20849,91349
EH23b.chr9,11,11000000,11999999,1000000,327234,172035,171804,328927,17592,22975,94962
EH23b.chr9,12,12000000,12999999,1000000,334019,165840,164694,335447,15166,21063,93735
EH23b.chr9,13,13000000,13999999,1000000,323436,173791,172462,330311,17392,23057,96171
EH23b.chr9,14,14000000,14999999,1000000,329352,169410,171465,329773,16225,22349,94490
EH23b.chr9,15,15000000,15999999,1000000,330325,170402,169108,330165,17388,22222,94188
EH23b.chr9,16,16000000,16999999,1000000,329901,172601,169282,328216,17562,22734,95170
EH23b.chr9,17,17000000,17999999,1000000,335007,171617,167105,326271,16709,22225,95304
EH23b.chr9,18,18000000,18999999,1000000,332572,165159,169608,332661,16622,21603,92260
EH23b.chr9,19,19000000,19999999,1000000,330932,173380,171547,324141,18238,23769,94725
EH23b.chr9,20,20000000,20999999,1000000,330984,177402,167194,324420,18974,23346,97161
EH23b.chr9,21,21000000,21999999,1000000,332560,169672,166159,331609,16088,21762,95491
EH23b.chr9,22,22000000,22999999,1000000,334636,166437,165839,332588,15512,22001,93754
EH23b.chr9,23,23000000,23999999,1000000,330456,164633,167111,337800,15952,21422,92379
EH23b.chr9,24,24000000,24999999,1000000,330034,168861,167662,333443,15980,22412,94909
EH23b.chr9,25,25000000,25999999,1000000,329543,165387,166683,338387,15498,21562,93311
EH23b.chr9,26,26000000,26999999,1000000,332477,169796,170108,327619,16446,22022,94567
EH23b.chr9,27,27000000,27999999,1000000,334602,166996,165359,333043,15649,21601,93909
EH23b.chr9,28,28000000,28999999,1000000,333048,168151,165152,333649,16753,22271,93736
EH23b.chr9,29,29000000,29999999,1000000,333048,167474,167873,331605,16239,21852,93712
EH23b.chr9,30,30000000,30999999,1000000,330743,166576,169672,332509,16036,21696,93283
EH23b.chr9,31,31000000,31999999,1000000,332289,166027,166346,335338,16284,21816,92894
EH23b.chr9,32,32000000,32999999,1000000,330348,170375,171702,327575,17407,23107,93574
EH23b.chr9,33,33000000,33999999,1000000,326885,172857,172267,327991,18234,23805,94232
EH23b.chr9,34,34000000,34999999,1000000,328738,171946,171109,328207,17738,23290,94546
EH23b.chr9,35,35000000,35999999,1000000,331355,168317,171094,329234,16936,21979,93491
EH23b.chr9,36,36000000,36999999,1000000,330690,168411,168785,332114,17066,23625,92731
EH23b.chr9,37,37000000,37999999,1000000,324895,170389,174162,330554,17305,23553,93780
EH23b.chr9,38,38000000,38999999,1000000,322732,179571,179162,318535,20875,26701,95448
EH23b.chr9,39,39000000,39999999,1000000,321628,178474,179238,320660,21150,25746,95112
EH23b.chr9,40,40000000,40999999,1000000,307123,179607,194437,318833,21822,28795,92461
EH23b.chr9,41,41000000,41999999,1000000,256299,209006,227160,307535,30724,42195,95213
EH23b.chr9,42,42000000,42999999,1000000,199635,212065,259711,328589,35301,49514,90172
EH23b.chr9,43,43000000,43999999,1000000,222979,203961,244834,328226,32286,45079,90093
EH23b.chr9,44,44000000,44999999,1000000,303153,182247,193878,320722,21888,29885,93729
EH23b.chr9,45,45000000,45999999,1000000,320911,180803,179586,318700,20197,25082,97103
EH23b.chr9,46,46000000,46999999,1000000,324484,179266,175728,320522,19865,26093,95823
EH23b.chr9,47,47000000,47999999,1000000,326432,172307,172364,328897,17754,23371,95054
EH23b.chr9,48,48000000,48999999,1000000,336975,164174,167142,331709,16124,20856,92703
EH23b.chr9,49,49000000,49999999,1000000,329345,172298,169905,327952,17589,23454,94556
EH23b.chr9,50,50000000,50999999,1000000,328853,169344,170721,331082,17524,23073,93289
EH23b.chr9,51,51000000,51999999,1000000,328067,170620,170607,330706,17721,22906,94184
EH23b.chr9,52,52000000,52999999,1000000,331154,171010,167256,330080,18050,23675,93853
EH23b.chr9,53,53000000,53999999,1000000,335735,165457,162188,334620,16244,21084,92915
EH23b.chr9,54,54000000,54999999,1000000,328385,168392,169410,333813,17171,22771,93191
EH23b.chr9,55,55000000,55999999,1000000,330630,169106,172192,328072,17292,23297,92695
EH23b.chr9,56,56000000,56999999,1000000,318727,174467,180114,326692,19414,25384,93613
EH23b.chr9,57,57000000,57999999,1000000,328437,169716,171735,330112,17307,23324,93827
EH23b.chr9,58,58000000,58999999,1000000,336451,167896,164064,331589,16429,22132,93880
EH23b.chr9,59,59000000,59999999,1000000,339579,170427,160105,329889,15653,21880,96813
EH23b.chr9,60,60000000,60999999,1000000,345474,156374,159993,338159,15238,20075,88791
EH23b.chr9,61,61000000,61999999,1000000,338812,164356,162047,334785,16116,21508,91868
EH23b.chr9,62,62000000,62999999,1000000,340585,154043,158500,346372,15285,19299,87899
EH23b.chr9,63,63000000,63999999,1000000,341780,156573,158060,343087,14554,18986,89919
EH23b.chr9,64,64000000,64999999,1000000,343160,160902,156349,339589,14674,19310,92721
EH23b.chr9,65,65000000,65951000,951000,309253,160910,166764,314073,16868,18510,88846
EH23b.chr6,0,0,999999,1000000,344275,162419,163725,329081,17043,17570,92151
EH23b.chr6,1,1000000,1999999,1000000,346287,155947,155293,342473,14375,17497,91321
EH23b.chr6,2,2000000,2999999,1000000,338922,160470,161040,338568,14183,18479,92791
EH23b.chr6,3,3000000,3999999,1000000,348550,152630,151678,346142,13802,17502,88838
EH23b.chr6,4,4000000,4999999,1000000,340806,158601,157797,342796,15428,18991,90296
EH23b.chr6,5,5000000,5999999,1000000,338937,166135,158414,336014,16258,20966,93159
EH23b.chr6,6,6000000,6999999,1000000,337488,163465,163115,335932,15579,20599,92085
EH23b.chr6,7,7000000,7999999,1000000,331999,168286,169883,329832,16246,22287,94212
EH23b.chr6,8,8000000,8999999,1000000,337016,166093,164128,332763,16286,21277,92810
EH23b.chr6,9,9000000,9999999,1000000,329804,169411,171953,324332,17764,21467,93492
EH23b.chr6,10,10000000,10999999,1000000,338740,168470,162715,330075,15246,21271,95328
EH23b.chr6,11,11000000,11999999,1000000,326044,172259,175817,325880,18545,23772,93452
EH23b.chr6,12,12000000,12999999,1000000,329927,169160,166225,334688,17472,22511,93413
EH23b.chr6,13,13000000,13999999,1000000,332017,170825,166285,330873,16569,21849,95748
EH23b.chr6,14,14000000,14999999,1000000,334303,164795,164393,336509,15874,21186,92518
EH23b.chr6,15,15000000,15999999,1000000,328334,168898,172282,330486,17879,22635,92764
EH23b.chr6,16,16000000,16999999,1000000,337102,167968,165328,329602,16455,21803,94005
EH23b.chr6,17,17000000,17999999,1000000,335823,163249,165920,335008,16241,21630,91260
EH23b.chr6,18,18000000,18999999,1000000,326375,165745,174754,333126,16780,22365,91604
EH23b.chr6,19,19000000,19999999,1000000,327548,175203,171799,325450,18800,23775,95193
EH23b.chr6,20,20000000,20999999,1000000,326835,173272,174443,325450,17843,23502,95124
EH23b.chr6,21,21000000,21999999,1000000,330121,165616,169435,334828,16772,21687,91994
EH23b.chr6,22,22000000,22999999,1000000,333233,169785,168468,328514,17945,23454,92978
EH23b.chr6,23,23000000,23999999,1000000,324016,173219,173841,328924,18733,24974,93660
EH23b.chr6,24,24000000,24999999,1000000,325972,171553,175948,326527,18922,24376,93254
EH23b.chr6,25,25000000,25999999,1000000,324961,175872,174389,324778,19139,25445,94797
EH23b.chr6,26,26000000,26999999,1000000,324171,170772,172961,332096,17614,23503,93694
EH23b.chr6,27,27000000,27999999,1000000,335393,169001,166317,329289,16240,22330,94145
EH23b.chr6,28,28000000,28999999,1000000,327713,173157,173035,326095,17597,23425,95391
EH23b.chr6,29,29000000,29999999,1000000,325390,173949,174594,326067,18223,24453,94782
EH23b.chr6,30,30000000,30999999,1000000,323683,169850,174683,331784,17832,25023,92090
EH23b.chr6,31,31000000,31999999,1000000,329990,172285,172225,325500,18328,24556,93970
EH23b.chr6,32,32000000,32999999,1000000,329082,173350,167524,330044,17951,23837,94898
EH23b.chr6,33,33000000,33999999,1000000,326339,174012,172852,326797,18167,24519,94883
EH23b.chr6,34,34000000,34999999,1000000,327836,176254,171666,324244,18985,25767,94833
EH23b.chr6,35,35000000,35999999,1000000,322638,175642,176163,325557,19905,25259,93938
EH23b.chr6,36,36000000,36999999,1000000,319573,179048,176665,324714,19779,26178,95627
EH23b.chr6,37,37000000,37999999,1000000,323100,175916,176258,324726,19673,26825,93666
EH23b.chr6,38,38000000,38999999,1000000,318881,180359,180158,320602,20765,27864,95107
EH23b.chr6,39,39000000,39999999,1000000,315777,202989,183781,297453,28346,30517,102680
EH23b.chr6,40,40000000,40999999,1000000,286240,241953,211737,260070,45575,37016,109675
EH23b.chr6,41,41000000,41999999,1000000,283747,230502,215574,270177,44036,35686,104833
EH23b.chr6,42,42000000,42999999,1000000,311154,188871,187338,312637,24227,28107,97160
EH23b.chr6,43,43000000,43999999,1000000,330225,169245,187751,312279,21305,20502,89863
EH23b.chr6,44,44000000,44999999,1000000,329043,170351,168050,332556,17301,23279,94185
EH23b.chr6,45,45000000,45999999,1000000,330860,170275,171468,327397,17433,22815,94142
EH23b.chr6,46,46000000,46999999,1000000,319469,176384,177757,326390,19828,26172,94110
EH23b.chr6,47,47000000,47999999,1000000,329276,176871,170949,322904,18542,24567,96403
EH23b.chr6,48,48000000,48999999,1000000,327756,176731,176311,319202,19941,26359,94308
EH23b.chr6,49,49000000,49999999,1000000,331001,171102,168714,329183,16467,23034,95271
EH23b.chr6,50,50000000,50999999,1000000,322917,171896,177970,327217,19272,25056,92158
EH23b.chr6,51,51000000,51999999,1000000,326217,174767,175152,323864,19549,25802,93672
EH23b.chr6,52,52000000,52999999,1000000,326908,170348,176102,326142,17921,24081,93219
EH23b.chr6,53,53000000,53999999,1000000,328049,170832,172346,328773,17768,24574,93033
EH23b.chr6,54,54000000,54999999,1000000,329589,172680,170583,327148,19122,24608,93242
EH23b.chr6,55,55000000,55999999,1000000,322550,171964,176708,327778,18491,25373,92821
EH23b.chr6,56,56000000,56999999,1000000,328530,167578,172574,331318,17892,22750,92085
EH23b.chr6,57,57000000,57999999,1000000,329275,170930,172436,327359,17309,23199,94182
EH23b.chr6,58,58000000,58999999,1000000,333275,168089,167365,331271,16766,22610,93279
EH23b.chr6,59,59000000,59999999,1000000,328834,170507,170964,329695,17540,22792,93955
EH23b.chr6,60,60000000,60999999,1000000,330971,169706,168501,330822,16552,23006,94216
EH23b.chr6,61,61000000,61999999,1000000,333384,172929,168381,325306,17697,22742,95298
EH23b.chr6,62,62000000,62999999,1000000,328280,170458,170920,330342,17039,22769,94402
EH23b.chr6,63,63000000,63999999,1000000,329558,169160,167758,333524,16519,22091,94427
EH23b.chr6,64,64000000,64999999,1000000,329126,168948,167463,334463,16587,22059,94110
EH23b.chr6,65,65000000,65999999,1000000,333663,167378,170776,328183,18561,21859,92357
EH23b.chr6,66,66000000,66999999,1000000,328701,167787,173682,329830,17247,22406,93191
EH23b.chr6,67,67000000,67999999,1000000,334177,166580,165716,333027,15649,21686,93823
EH23b.chr6,68,68000000,68999999,1000000,333587,169720,163845,332848,17387,22032,93988
EH23b.chr6,69,69000000,69999999,1000000,328620,168638,170388,332354,17749,22678,92554
EH23b.chr6,70,70000000,70999999,1000000,333071,164057,163987,338885,15627,20917,92782
EH23b.chr6,71,71000000,71999999,1000000,327345,171827,170102,330226,17894,23879,94285
EH23b.chr6,72,72000000,72999999,1000000,328782,166357,171094,333267,16191,21968,92880
EH23b.chr6,73,73000000,73999999,1000000,338577,160296,158427,342700,14744,19562,91779
EH23b.chr6,74,74000000,74999999,1000000,336666,168092,165299,329943,16961,21954,93506
EH23b.chr6,75,75000000,75999999,1000000,329706,165764,170207,334323,17680,23648,90508
EH23b.chr6,76,76000000,76999999,1000000,345149,158806,155500,340045,14472,18705,91546
EH23b.chr6,77,77000000,77999999,1000000,340840,158079,159160,341921,14004,19493,90455
EH23b.chr6,78,78000000,78999999,1000000,336518,156419,162294,344769,14422,18686,90204
EH23b.chr6,79,79000000,79999999,1000000,339507,157457,160138,342898,14418,18118,91079
EH23b.chr6,80,80000000,80012778,12778,3792,2417,2161,4408,315,176,1219
EH23b.chrX,0,0,999999,1000000,338569,164190,164530,332711,16329,19659,92700
EH23b.chrX,1,1000000,1999999,1000000,339251,160907,161166,338676,15606,20010,91277
EH23b.chrX,2,2000000,2999999,1000000,337512,165090,161962,335436,16092,20362,92647
EH23b.chrX,3,3000000,3999999,1000000,334956,165029,164535,335480,16823,21083,92194
EH23b.chrX,4,4000000,4999999,1000000,332638,167365,169399,330098,17061,21827,92865
EH23b.chrX,5,5000000,5999999,1000000,333738,165307,162885,338070,17287,21764,91517
EH23b.chrX,6,6000000,6999999,1000000,327737,169382,173430,329451,18719,22806,92426
EH23b.chrX,7,7000000,7999999,1000000,328415,170222,174331,327032,18190,23183,93119
EH23b.chrX,8,8000000,8999999,1000000,333464,166637,170179,329720,17091,21506,92728
EH23b.chrX,9,9000000,9999999,1000000,332232,166182,166545,335041,15546,20966,93886
EH23b.chrX,10,10000000,10999999,1000000,327568,173255,170975,328202,18752,22944,94793
EH23b.chrX,11,11000000,11999999,1000000,332619,172268,169520,325593,17717,22495,94738
EH23b.chrX,12,12000000,12999999,1000000,327317,170816,172683,329184,18892,23158,93112
EH23b.chrX,13,13000000,13999999,1000000,322068,171069,174867,331996,17715,23289,93686
EH23b.chrX,14,14000000,14999999,1000000,334967,162907,167822,334304,16990,21481,90385
EH23b.chrX,15,15000000,15999999,1000000,334309,169870,166430,329391,17610,21979,93952
EH23b.chrX,16,16000000,16999999,1000000,330745,171617,168526,329112,18432,22647,93946
EH23b.chrX,17,17000000,17999999,1000000,329824,169604,168704,331868,17826,22513,93124
EH23b.chrX,18,18000000,18999999,1000000,325637,172791,174247,327325,19870,24568,92558
EH23b.chrX,19,19000000,19999999,1000000,332717,168371,166097,332815,17303,21908,93222
EH23b.chrX,20,20000000,20999999,1000000,327857,173329,174510,324304,18568,23502,94201
EH23b.chrX,21,21000000,21999999,1000000,321037,176724,178200,324039,19975,25041,94789
EH23b.chrX,22,22000000,22999999,1000000,325227,170075,175330,329368,16810,22936,94281
EH23b.chrX,23,23000000,23999999,1000000,324709,171534,169528,334229,16540,22442,95618
EH23b.chrX,24,24000000,24999999,1000000,325301,174425,177763,322011,17774,23804,95475
EH23b.chrX,25,25000000,25999999,1000000,325657,175114,172873,326356,18410,23765,95490
EH23b.chrX,26,26000000,26999999,1000000,328570,174955,170606,325869,18010,23818,96017
EH23b.chrX,27,27000000,27999999,1000000,333986,170418,166237,329359,16979,22678,94732
EH23b.chrX,28,28000000,28999999,1000000,327757,173817,172441,325985,18265,23706,94935
EH23b.chrX,29,29000000,29999999,1000000,328993,171534,170552,328921,17306,23036,94802
EH23b.chrX,30,30000000,30999999,1000000,319765,176766,179818,323651,19439,24699,95071
EH23b.chrX,31,31000000,31999999,1000000,324924,178047,171520,325509,19350,24209,96486
EH23b.chrX,32,32000000,32999999,1000000,319884,175876,178657,325583,19481,24599,94831
EH23b.chrX,33,33000000,33999999,1000000,321058,180451,176031,322460,20001,24710,97642
EH23b.chrX,34,34000000,34999999,1000000,317271,177660,179162,325907,19326,25050,95750
EH23b.chrX,35,35000000,35999999,1000000,322980,177648,176309,323063,19683,24207,95958
EH23b.chrX,36,36000000,36999999,1000000,326728,172921,173523,326828,18474,24868,93727
EH23b.chrX,37,37000000,37999999,1000000,332048,166696,168954,332302,16895,22207,92620
EH23b.chrX,38,38000000,38999999,1000000,323496,178649,178446,319409,20491,25805,95246
EH23b.chrX,39,39000000,39999999,1000000,322376,177706,178388,321530,20356,26933,94129
EH23b.chrX,40,40000000,40999999,1000000,318269,182081,181936,317714,21691,27689,95687
EH23b.chrX,41,41000000,41999999,1000000,318504,178753,185214,317529,21689,28445,92885
EH23b.chrX,42,42000000,42999999,1000000,320584,179682,178698,321036,20291,26870,95251
EH23b.chrX,43,43000000,43999999,1000000,317019,178991,182399,321591,20498,27584,94518
EH23b.chrX,44,44000000,44999999,1000000,258754,214150,232421,294675,30911,42622,98349
EH23b.chrX,45,45000000,45999999,1000000,314807,186471,185784,312938,22188,29759,95883
EH23b.chrX,46,46000000,46999999,1000000,329817,172712,170816,326155,18175,23793,94597
EH23b.chrX,47,47000000,47999999,1000000,329395,172791,168706,329108,17901,22629,95136
EH23b.chrX,48,48000000,48999999,1000000,325521,172943,170176,331360,18081,23547,94770
EH23b.chrX,49,49000000,49999999,1000000,324046,175875,173958,326121,20027,24457,94505
EH23b.chrX,50,50000000,50999999,1000000,331645,171864,172656,323835,18538,23662,93571
EH23b.chrX,51,51000000,51999999,1000000,334607,169858,163138,332397,16588,21338,95107
EH23b.chrX,52,52000000,52999999,1000000,329532,169211,168922,332335,17684,22103,93894
EH23b.chrX,53,53000000,53999999,1000000,334286,171306,166449,327959,17920,22988,94347
EH23b.chrX,54,54000000,54999999,1000000,326837,171856,171446,329861,18998,23873,93192
EH23b.chrX,55,55000000,55999999,1000000,333144,168433,166523,331900,17006,22783,93501
EH23b.chrX,56,56000000,56999999,1000000,345004,163998,154947,336051,14922,20458,93061
EH23b.chrX,57,57000000,57999999,1000000,337557,169361,166483,326599,17138,23063,93342
EH23b.chrX,58,58000000,58999999,1000000,333942,171961,168370,325727,18518,24333,93084
EH23b.chrX,59,59000000,59999999,1000000,323228,172090,174799,329883,19377,24140,92715
EH23b.chrX,60,60000000,60999999,1000000,332449,167636,163820,335095,16322,22751,93163
EH23b.chrX,61,61000000,61999999,1000000,335899,163909,167032,332660,17087,22147,90904
EH23b.chrX,62,62000000,62999999,1000000,331430,164807,167463,336300,16735,21866,91676
EH23b.chrX,63,63000000,63999999,1000000,334952,165050,168156,331842,18287,22428,90250
EH23b.chrX,64,64000000,64999999,1000000,330525,169034,168579,331362,17922,23870,92578
EH23b.chrX,65,65000000,65999999,1000000,339371,160637,162245,337747,16452,21138,89747
EH23b.chrX,66,66000000,66999999,1000000,337256,158780,161874,342090,15940,20245,89790
EH23b.chrX,67,67000000,67999999,1000000,344984,153801,159405,341310,15496,19124,87827
EH23b.chrX,68,68000000,68999999,1000000,341708,160045,160474,337773,16415,20401,89791
EH23b.chrX,69,69000000,69999999,1000000,321323,175386,172542,330749,18394,23243,96042
EH23b.chrX,70,70000000,70999999,1000000,331174,170142,169801,328883,16967,23153,94092
EH23b.chrX,71,71000000,71999999,1000000,325189,175852,173838,325121,18807,24014,95363
EH23b.chrX,72,72000000,72999999,1000000,335432,164894,166574,333100,15648,21571,92685
EH23b.chrX,73,73000000,73999999,1000000,329505,169512,169502,331481,17599,22442,93595
EH23b.chrX,74,74000000,74999999,1000000,335095,167958,165515,331432,16582,21489,94100
EH23b.chrX,75,75000000,75999999,1000000,330114,168678,169121,332087,16846,21860,93565
EH23b.chrX,76,76000000,76999999,1000000,334092,166178,166778,332952,16349,22394,92743
EH23b.chrX,77,77000000,77999999,1000000,335629,164006,164187,336178,15860,21207,92591
EH23b.chrX,78,78000000,78999999,1000000,329377,166283,167781,336559,16404,21732,93253
EH23b.chrX,79,79000000,79999999,1000000,337759,159149,162770,340322,14464,20314,90766
EH23b.chrX,80,80000000,80999999,1000000,334981,158960,162911,343148,15476,20513,89823
EH23b.chrX,81,81000000,81999999,1000000,337481,162583,162687,337249,16154,20645,91033
EH23b.chrX,82,82000000,82999999,1000000,341758,159030,155797,343415,14445,20083,90781
EH23b.chrX,83,83000000,83999999,1000000,349726,149486,150392,350396,13984,16947,87292
EH23b.chrX,84,84000000,84401000,401000,135422,64487,65047,136044,5547,7453,37269
